Документ_x,Наименование ГО_x,Наименование ГП_x,Наименование страны отправления_x,Наименование станции отправления_x,Станция отправления_x,Наименование страны назначения_x,Наименование станции назначения_x,Станция назначения_x,Номер вагона,Общий вес по документу (кг)_x,Вес на вагон (кг)_x,Код груза_x,Наименование груза_x,Код грузополучателя,Дата прибытия,Взыскано по прибытию (последние 2 знака тиыны),Документ_y,Наименование ГО_y,Наименование ГП_y,Наименование страны отправления_y,Наименование станции отправления_y,Станция отправления_y,Наименование страны назначения_y,Наименование станции назначения_y,Станция назначения_y,Общий вес по документу (кг)_y,Вес на вагон (кг)_y,Код груза_y,Наименование груза_y,Код грузоотправителя,Дата отправления,Взыскано при отправления  (последние 2 знака тиыны)
340513,MAG,"ТОО Консалтинговая Компания ""АДАЛ АСПЕКТ""",БЕЛАРУСЬ         ,БРЕСТ-ЦЕНТР.    ,130609.0,КАЗАХСТАН        ,УРАЛЬСК         ,665602.0,60022704,67685.0,67685.0,324116.0,ПРОКАТ_ЧЕРМЕТ_ПР,10000001.0,2024-10-05,14010100,20041965,"ТОО КОНСАЛТИНГОВАЯ КОМПАНИЯ ""АДАЛ АСПЕКТ""","ООО ""Индустрия логистики"" (для последующей передачи ООО ТД ""Буревестник"")",КАЗАХСТАН        ,УРАЛЬСК         ,665602.0,РОССИЯ           ,РЫБАЦКОЕ        ,30909.0,67685.0,67685.0,324116.0,ПРОКАТ_ЧЕРМЕТ_ПР,10000001.0,2024-10-12 04:09:00,14010100
36770723,"АКЦИОНЕРНОЕ ОБЩЕСТВО ""КОМПАНИЯ АЛГОРИТМИКА""","ТОО ""QAZEXPOCENTRE - PIPE""",РОССИЯ           ,ЧЕЛЯБИНСК-Ю.    ,800605.0,КАЗАХСТАН        ,АКТАУ-ПОРТ      ,663503.0,54980685,1204180.0,54901.0,323077.0,ТРУБЫ_СТАЛЬН_СВАРН,39850306.0,2024-10-05,0,20109001,"ТОО ""QAZEXPOCENTRE - PIPE""",TURKMENENERGO STATE POWER CORPORATION OF THE MINISTRY OF ENERGY OF TURKMENISTAN,КАЗАХСТАН        ,АКТАУ-ПОРТ      ,663503.0,ТУРКМЕНИСТАН     ,БАЛКАНАБАД      ,754007.0,0.0,60312.0,323077.0,ТРУБЫ_СТАЛЬН_СВАРН,39850306.0,2024-11-12 06:36:00,0
36770723,"АКЦИОНЕРНОЕ ОБЩЕСТВО ""КОМПАНИЯ АЛГОРИТМИКА""","ТОО ""QAZEXPOCENTRE - PIPE""",РОССИЯ           ,ЧЕЛЯБИНСК-Ю.    ,800605.0,КАЗАХСТАН        ,АКТАУ-ПОРТ      ,663503.0,54982566,0.0,54912.0,323077.0,ТРУБЫ_СТАЛЬН_СВАРН,39850306.0,2024-10-05,0,20108997,"ТОО ""QAZEXPOCENTRE - PIPE""",TURKMENENERGO STATE POWER CORPORATION OF THE MINISTRY OF ENERGY OF TURKMENISTAN,КАЗАХСТАН        ,АКТАУ-ПОРТ      ,663503.0,ТУРКМЕНИСТАН     ,БАЛКАНАБАД      ,754007.0,0.0,60254.0,323077.0,ТРУБЫ_СТАЛЬН_СВАРН,39850306.0,2024-11-12 06:29:00,0
36770723,"АКЦИОНЕРНОЕ ОБЩЕСТВО ""КОМПАНИЯ АЛГОРИТМИКА""","ТОО ""QAZEXPOCENTRE - PIPE""",РОССИЯ           ,ЧЕЛЯБИНСК-Ю.    ,800605.0,КАЗАХСТАН        ,АКТАУ-ПОРТ      ,663503.0,54984406,0.0,54924.0,323077.0,ТРУБЫ_СТАЛЬН_СВАРН,39850306.0,2024-10-05,0,20108997,"ТОО ""QAZEXPOCENTRE - PIPE""",TURKMENENERGO STATE POWER CORPORATION OF THE MINISTRY OF ENERGY OF TURKMENISTAN,КАЗАХСТАН        ,АКТАУ-ПОРТ      ,663503.0,ТУРКМЕНИСТАН     ,БАЛКАНАБАД      ,754007.0,0.0,60487.0,323077.0,ТРУБЫ_СТАЛЬН_СВАРН,39850306.0,2024-11-12 06:29:00,0
36770723,"АКЦИОНЕРНОЕ ОБЩЕСТВО ""КОМПАНИЯ АЛГОРИТМИКА""","ТОО ""QAZEXPOCENTRE - PIPE""",РОССИЯ           ,ЧЕЛЯБИНСК-Ю.    ,800605.0,КАЗАХСТАН        ,АКТАУ-ПОРТ      ,663503.0,54986401,0.0,54891.0,323077.0,ТРУБЫ_СТАЛЬН_СВАРН,39850306.0,2024-10-05,0,20108997,"ТОО ""QAZEXPOCENTRE - PIPE""",TURKMENENERGO STATE POWER CORPORATION OF THE MINISTRY OF ENERGY OF TURKMENISTAN,КАЗАХСТАН        ,АКТАУ-ПОРТ      ,663503.0,ТУРКМЕНИСТАН     ,БАЛКАНАБАД      ,754007.0,0.0,60319.0,323077.0,ТРУБЫ_СТАЛЬН_СВАРН,39850306.0,2024-11-12 06:29:00,0
36770723,"АКЦИОНЕРНОЕ ОБЩЕСТВО ""КОМПАНИЯ АЛГОРИТМИКА""","ТОО ""QAZEXPOCENTRE - PIPE""",РОССИЯ           ,ЧЕЛЯБИНСК-Ю.    ,800605.0,КАЗАХСТАН        ,АКТАУ-ПОРТ      ,663503.0,54985239,0.0,54882.0,323077.0,ТРУБЫ_СТАЛЬН_СВАРН,39850306.0,2024-10-05,0,20108997,"ТОО ""QAZEXPOCENTRE - PIPE""",TURKMENENERGO STATE POWER CORPORATION OF THE MINISTRY OF ENERGY OF TURKMENISTAN,КАЗАХСТАН        ,АКТАУ-ПОРТ      ,663503.0,ТУРКМЕНИСТАН     ,БАЛКАНАБАД      ,754007.0,0.0,60383.0,323077.0,ТРУБЫ_СТАЛЬН_СВАРН,39850306.0,2024-11-12 06:29:00,0
36770723,"АКЦИОНЕРНОЕ ОБЩЕСТВО ""КОМПАНИЯ АЛГОРИТМИКА""","ТОО ""QAZEXPOCENTRE - PIPE""",РОССИЯ           ,ЧЕЛЯБИНСК-Ю.    ,800605.0,КАЗАХСТАН        ,АКТАУ-ПОРТ      ,663503.0,54981246,0.0,54881.0,323077.0,ТРУБЫ_СТАЛЬН_СВАРН,39850306.0,2024-10-05,0,20109499,"ТОО ""QAZEXPOCENTRE - PIPE""",TURKMENENERGO STATE POWER CORPORATION OF THE MINISTRY OF ENERGY OF TURKMENISTAN,КАЗАХСТАН        ,АКТАУ-ПОРТ      ,663503.0,ТУРКМЕНИСТАН     ,БАЛКАНАБАД      ,754007.0,0.0,60328.0,323077.0,ТРУБЫ_СТАЛЬН_СВАРН,39850306.0,2024-11-13 14:39:00,0
36770723,"АКЦИОНЕРНОЕ ОБЩЕСТВО ""КОМПАНИЯ АЛГОРИТМИКА""","ТОО ""QAZEXPOCENTRE - PIPE""",РОССИЯ           ,ЧЕЛЯБИНСК-Ю.    ,800605.0,КАЗАХСТАН        ,АКТАУ-ПОРТ      ,663503.0,54984935,0.0,54811.0,323077.0,ТРУБЫ_СТАЛЬН_СВАРН,39850306.0,2024-10-05,0,20109499,"ТОО ""QAZEXPOCENTRE - PIPE""",TURKMENENERGO STATE POWER CORPORATION OF THE MINISTRY OF ENERGY OF TURKMENISTAN,КАЗАХСТАН        ,АКТАУ-ПОРТ      ,663503.0,ТУРКМЕНИСТАН     ,БАЛКАНАБАД      ,754007.0,0.0,60235.0,323077.0,ТРУБЫ_СТАЛЬН_СВАРН,39850306.0,2024-11-13 14:39:00,0
36770723,"АКЦИОНЕРНОЕ ОБЩЕСТВО ""КОМПАНИЯ АЛГОРИТМИКА""","ТОО ""QAZEXPOCENTRE - PIPE""",РОССИЯ           ,ЧЕЛЯБИНСК-Ю.    ,800605.0,КАЗАХСТАН        ,АКТАУ-ПОРТ      ,663503.0,54984935,0.0,54811.0,323077.0,ТРУБЫ_СТАЛЬН_СВАРН,39850306.0,2024-10-05,0,20182241,"ТОО ""QAZEXPOCENTRE - PIPE""",TURKMENENERGO STATE POWER CORPORATION OF THE MINISTRY OF ENERGY OF TURKMENISTAN,КАЗАХСТАН        ,АКТАУ-ПОРТ      ,663503.0,ТУРКМЕНИСТАН     ,БАЛКАНАБАД      ,754007.0,0.0,59800.0,323077.0,ТРУБЫ_СТАЛЬН_СВАРН,39850306.0,2024-12-12 19:13:00,0
36770723,"АКЦИОНЕРНОЕ ОБЩЕСТВО ""КОМПАНИЯ АЛГОРИТМИКА""","ТОО ""QAZEXPOCENTRE - PIPE""",РОССИЯ           ,ЧЕЛЯБИНСК-Ю.    ,800605.0,КАЗАХСТАН        ,АКТАУ-ПОРТ      ,663503.0,54986526,0.0,54876.0,323077.0,ТРУБЫ_СТАЛЬН_СВАРН,39850306.0,2024-10-05,0,20109499,"ТОО ""QAZEXPOCENTRE - PIPE""",TURKMENENERGO STATE POWER CORPORATION OF THE MINISTRY OF ENERGY OF TURKMENISTAN,КАЗАХСТАН        ,АКТАУ-ПОРТ      ,663503.0,ТУРКМЕНИСТАН     ,БАЛКАНАБАД      ,754007.0,0.0,60656.0,323077.0,ТРУБЫ_СТАЛЬН_СВАРН,39850306.0,2024-11-13 14:39:00,0
36770053,"АКЦИОНЕРНОЕ ОБЩЕСТВО ""КОМПАНИЯ АЛГОРИТМИКА""","ТОО ""QAZEXPOCENTRE - PIPE""",РОССИЯ           ,ЧЕЛЯБИНСК-Ю.    ,800605.0,КАЗАХСТАН        ,АКТАУ-ПОРТ      ,663503.0,54389648,0.0,54585.0,323077.0,ТРУБЫ_СТАЛЬН_СВАРН,39850306.0,2024-10-05,0,20109044,"ТОО ""QAZEXPOCENTRE - PIPE""",TURKMENENERGO STATE POWER CORPORATION OF THE MINISTRY OF ENERGY OF TURKMENISTAN,КАЗАХСТАН        ,АКТАУ-ПОРТ      ,663503.0,ТУРКМЕНИСТАН     ,БАЛКАНАБАД      ,754007.0,0.0,60097.0,323077.0,ТРУБЫ_СТАЛЬН_СВАРН,39850306.0,2024-11-13 14:48:00,0
36770053,"АКЦИОНЕРНОЕ ОБЩЕСТВО ""КОМПАНИЯ АЛГОРИТМИКА""","ТОО ""QAZEXPOCENTRE - PIPE""",РОССИЯ           ,ЧЕЛЯБИНСК-Ю.    ,800605.0,КАЗАХСТАН        ,АКТАУ-ПОРТ      ,663503.0,54389648,0.0,54585.0,323077.0,ТРУБЫ_СТАЛЬН_СВАРН,39850306.0,2024-10-05,0,20168182,"ТОО ""QAZEXPOCENTRE - PIPE""",TURKMENENERGO STATE POWER CORPORATION OF THE MINISTRY OF ENERGY OF TURKMENISTAN,КАЗАХСТАН        ,АКТАУ-ПОРТ      ,663503.0,ТУРКМЕНИСТАН     ,БАЛКАНАБАД      ,754007.0,0.0,55840.0,323077.0,ТРУБЫ_СТАЛЬН_СВАРН,39850306.0,2024-12-06 00:03:00,0
36770053,"АКЦИОНЕРНОЕ ОБЩЕСТВО ""КОМПАНИЯ АЛГОРИТМИКА""","ТОО ""QAZEXPOCENTRE - PIPE""",РОССИЯ           ,ЧЕЛЯБИНСК-Ю.    ,800605.0,КАЗАХСТАН        ,АКТАУ-ПОРТ      ,663503.0,59927400,0.0,54774.0,323077.0,ТРУБЫ_СТАЛЬН_СВАРН,39850306.0,2024-10-05,0,20109123,"ТОО ""QAZEXPOCENTRE - PIPE""",TURKMENENERGO STATE POWER CORPORATION OF THE MINISTRY OF ENERGY OF TURKMENISTAN,КАЗАХСТАН        ,АКТАУ-ПОРТ      ,663503.0,ТУРКМЕНИСТАН     ,БАЛКАНАБАД      ,754007.0,0.0,56445.0,323077.0,ТРУБЫ_СТАЛЬН_СВАРН,39850306.0,2024-11-12 06:40:00,0
36770053,"АКЦИОНЕРНОЕ ОБЩЕСТВО ""КОМПАНИЯ АЛГОРИТМИКА""","ТОО ""QAZEXPOCENTRE - PIPE""",РОССИЯ           ,ЧЕЛЯБИНСК-Ю.    ,800605.0,КАЗАХСТАН        ,АКТАУ-ПОРТ      ,663503.0,58816539,0.0,53290.0,323077.0,ТРУБЫ_СТАЛЬН_СВАРН,39850306.0,2024-10-05,0,20109123,"ТОО ""QAZEXPOCENTRE - PIPE""",TURKMENENERGO STATE POWER CORPORATION OF THE MINISTRY OF ENERGY OF TURKMENISTAN,КАЗАХСТАН        ,АКТАУ-ПОРТ      ,663503.0,ТУРКМЕНИСТАН     ,БАЛКАНАБАД      ,754007.0,0.0,61235.0,323077.0,ТРУБЫ_СТАЛЬН_СВАРН,39850306.0,2024-11-12 06:40:00,0
36770053,"АКЦИОНЕРНОЕ ОБЩЕСТВО ""КОМПАНИЯ АЛГОРИТМИКА""","ТОО ""QAZEXPOCENTRE - PIPE""",РОССИЯ           ,ЧЕЛЯБИНСК-Ю.    ,800605.0,КАЗАХСТАН        ,АКТАУ-ПОРТ      ,663503.0,54388475,0.0,53034.0,323077.0,ТРУБЫ_СТАЛЬН_СВАРН,39850306.0,2024-10-05,0,20109044,"ТОО ""QAZEXPOCENTRE - PIPE""",TURKMENENERGO STATE POWER CORPORATION OF THE MINISTRY OF ENERGY OF TURKMENISTAN,КАЗАХСТАН        ,АКТАУ-ПОРТ      ,663503.0,ТУРКМЕНИСТАН     ,БАЛКАНАБАД      ,754007.0,0.0,60274.0,323077.0,ТРУБЫ_СТАЛЬН_СВАРН,39850306.0,2024-11-13 14:48:00,0
36770053,"АКЦИОНЕРНОЕ ОБЩЕСТВО ""КОМПАНИЯ АЛГОРИТМИКА""","ТОО ""QAZEXPOCENTRE - PIPE""",РОССИЯ           ,ЧЕЛЯБИНСК-Ю.    ,800605.0,КАЗАХСТАН        ,АКТАУ-ПОРТ      ,663503.0,54388475,0.0,53034.0,323077.0,ТРУБЫ_СТАЛЬН_СВАРН,39850306.0,2024-10-05,0,20168182,"ТОО ""QAZEXPOCENTRE - PIPE""",TURKMENENERGO STATE POWER CORPORATION OF THE MINISTRY OF ENERGY OF TURKMENISTAN,КАЗАХСТАН        ,АКТАУ-ПОРТ      ,663503.0,ТУРКМЕНИСТАН     ,БАЛКАНАБАД      ,754007.0,0.0,55840.0,323077.0,ТРУБЫ_СТАЛЬН_СВАРН,39850306.0,2024-12-06 00:03:00,0
36770053,"АКЦИОНЕРНОЕ ОБЩЕСТВО ""КОМПАНИЯ АЛГОРИТМИКА""","ТОО ""QAZEXPOCENTRE - PIPE""",РОССИЯ           ,ЧЕЛЯБИНСК-Ю.    ,800605.0,КАЗАХСТАН        ,АКТАУ-ПОРТ      ,663503.0,54935960,0.0,53629.0,323077.0,ТРУБЫ_СТАЛЬН_СВАРН,39850306.0,2024-10-05,0,20109044,"ТОО ""QAZEXPOCENTRE - PIPE""",TURKMENENERGO STATE POWER CORPORATION OF THE MINISTRY OF ENERGY OF TURKMENISTAN,КАЗАХСТАН        ,АКТАУ-ПОРТ      ,663503.0,ТУРКМЕНИСТАН     ,БАЛКАНАБАД      ,754007.0,0.0,59808.0,323077.0,ТРУБЫ_СТАЛЬН_СВАРН,39850306.0,2024-11-13 14:48:00,0
36770053,"АКЦИОНЕРНОЕ ОБЩЕСТВО ""КОМПАНИЯ АЛГОРИТМИКА""","ТОО ""QAZEXPOCENTRE - PIPE""",РОССИЯ           ,ЧЕЛЯБИНСК-Ю.    ,800605.0,КАЗАХСТАН        ,АКТАУ-ПОРТ      ,663503.0,54935960,0.0,53629.0,323077.0,ТРУБЫ_СТАЛЬН_СВАРН,39850306.0,2024-10-05,0,20182241,"ТОО ""QAZEXPOCENTRE - PIPE""",TURKMENENERGO STATE POWER CORPORATION OF THE MINISTRY OF ENERGY OF TURKMENISTAN,КАЗАХСТАН        ,АКТАУ-ПОРТ      ,663503.0,ТУРКМЕНИСТАН     ,БАЛКАНАБАД      ,754007.0,0.0,56844.0,323077.0,ТРУБЫ_СТАЛЬН_СВАРН,39850306.0,2024-12-12 19:13:00,0
36770053,"АКЦИОНЕРНОЕ ОБЩЕСТВО ""КОМПАНИЯ АЛГОРИТМИКА""","ТОО ""QAZEXPOCENTRE - PIPE""",РОССИЯ           ,ЧЕЛЯБИНСК-Ю.    ,800605.0,КАЗАХСТАН        ,АКТАУ-ПОРТ      ,663503.0,58833732,0.0,54894.0,323077.0,ТРУБЫ_СТАЛЬН_СВАРН,39850306.0,2024-10-05,0,20109044,"ТОО ""QAZEXPOCENTRE - PIPE""",TURKMENENERGO STATE POWER CORPORATION OF THE MINISTRY OF ENERGY OF TURKMENISTAN,КАЗАХСТАН        ,АКТАУ-ПОРТ      ,663503.0,ТУРКМЕНИСТАН     ,БАЛКАНАБАД      ,754007.0,0.0,60185.0,323077.0,ТРУБЫ_СТАЛЬН_СВАРН,39850306.0,2024-11-13 14:48:00,0
36770053,"АКЦИОНЕРНОЕ ОБЩЕСТВО ""КОМПАНИЯ АЛГОРИТМИКА""","ТОО ""QAZEXPOCENTRE - PIPE""",РОССИЯ           ,ЧЕЛЯБИНСК-Ю.    ,800605.0,КАЗАХСТАН        ,АКТАУ-ПОРТ      ,663503.0,58833732,0.0,54894.0,323077.0,ТРУБЫ_СТАЛЬН_СВАРН,39850306.0,2024-10-05,0,20182241,"ТОО ""QAZEXPOCENTRE - PIPE""",TURKMENENERGO STATE POWER CORPORATION OF THE MINISTRY OF ENERGY OF TURKMENISTAN,КАЗАХСТАН        ,АКТАУ-ПОРТ      ,663503.0,ТУРКМЕНИСТАН     ,БАЛКАНАБАД      ,754007.0,0.0,56592.0,323077.0,ТРУБЫ_СТАЛЬН_СВАРН,39850306.0,2024-12-12 19:13:00,0
36770053,"АКЦИОНЕРНОЕ ОБЩЕСТВО ""КОМПАНИЯ АЛГОРИТМИКА""","ТОО ""QAZEXPOCENTRE - PIPE""",РОССИЯ           ,ЧЕЛЯБИНСК-Ю.    ,800605.0,КАЗАХСТАН        ,АКТАУ-ПОРТ      ,663503.0,58833492,0.0,53581.0,323077.0,ТРУБЫ_СТАЛЬН_СВАРН,39850306.0,2024-10-05,0,20109044,"ТОО ""QAZEXPOCENTRE - PIPE""",TURKMENENERGO STATE POWER CORPORATION OF THE MINISTRY OF ENERGY OF TURKMENISTAN,КАЗАХСТАН        ,АКТАУ-ПОРТ      ,663503.0,ТУРКМЕНИСТАН     ,БАЛКАНАБАД      ,754007.0,0.0,60224.0,323077.0,ТРУБЫ_СТАЛЬН_СВАРН,39850306.0,2024-11-13 14:48:00,0
36770053,"АКЦИОНЕРНОЕ ОБЩЕСТВО ""КОМПАНИЯ АЛГОРИТМИКА""","ТОО ""QAZEXPOCENTRE - PIPE""",РОССИЯ           ,ЧЕЛЯБИНСК-Ю.    ,800605.0,КАЗАХСТАН        ,АКТАУ-ПОРТ      ,663503.0,58833492,0.0,53581.0,323077.0,ТРУБЫ_СТАЛЬН_СВАРН,39850306.0,2024-10-05,0,20182241,"ТОО ""QAZEXPOCENTRE - PIPE""",TURKMENENERGO STATE POWER CORPORATION OF THE MINISTRY OF ENERGY OF TURKMENISTAN,КАЗАХСТАН        ,АКТАУ-ПОРТ      ,663503.0,ТУРКМЕНИСТАН     ,БАЛКАНАБАД      ,754007.0,0.0,60224.0,323077.0,ТРУБЫ_СТАЛЬН_СВАРН,39850306.0,2024-12-12 19:13:00,0
36770053,"АКЦИОНЕРНОЕ ОБЩЕСТВО ""КОМПАНИЯ АЛГОРИТМИКА""","ТОО ""QAZEXPOCENTRE - PIPE""",РОССИЯ           ,ЧЕЛЯБИНСК-Ю.    ,800605.0,КАЗАХСТАН        ,АКТАУ-ПОРТ      ,663503.0,58806266,0.0,54808.0,323077.0,ТРУБЫ_СТАЛЬН_СВАРН,39850306.0,2024-10-05,0,20109123,"ТОО ""QAZEXPOCENTRE - PIPE""",TURKMENENERGO STATE POWER CORPORATION OF THE MINISTRY OF ENERGY OF TURKMENISTAN,КАЗАХСТАН        ,АКТАУ-ПОРТ      ,663503.0,ТУРКМЕНИСТАН     ,БАЛКАНАБАД      ,754007.0,0.0,60424.0,323077.0,ТРУБЫ_СТАЛЬН_СВАРН,39850306.0,2024-11-12 06:40:00,0
36770053,"АКЦИОНЕРНОЕ ОБЩЕСТВО ""КОМПАНИЯ АЛГОРИТМИКА""","ТОО ""QAZEXPOCENTRE - PIPE""",РОССИЯ           ,ЧЕЛЯБИНСК-Ю.    ,800605.0,КАЗАХСТАН        ,АКТАУ-ПОРТ      ,663503.0,59927160,0.0,54861.0,323077.0,ТРУБЫ_СТАЛЬН_СВАРН,39850306.0,2024-10-05,0,20168012,"ТОО ""QAZEXPOCENTRE - PIPE""",TURKMENENERGO STATE POWER CORPORATION OF THE MINISTRY OF ENERGY OF TURKMENISTAN,КАЗАХСТАН        ,АКТАУ-ПОРТ      ,663503.0,ТУРКМЕНИСТАН     ,БАЛКАНАБАД      ,754007.0,0.0,60447.0,323077.0,ТРУБЫ_СТАЛЬН_СВАРН,39850306.0,2024-12-05 23:38:00,0
36770053,"АКЦИОНЕРНОЕ ОБЩЕСТВО ""КОМПАНИЯ АЛГОРИТМИКА""","ТОО ""QAZEXPOCENTRE - PIPE""",РОССИЯ           ,ЧЕЛЯБИНСК-Ю.    ,800605.0,КАЗАХСТАН        ,АКТАУ-ПОРТ      ,663503.0,58806811,0.0,54864.0,323077.0,ТРУБЫ_СТАЛЬН_СВАРН,39850306.0,2024-10-05,0,20109044,"ТОО ""QAZEXPOCENTRE - PIPE""",TURKMENENERGO STATE POWER CORPORATION OF THE MINISTRY OF ENERGY OF TURKMENISTAN,КАЗАХСТАН        ,АКТАУ-ПОРТ      ,663503.0,ТУРКМЕНИСТАН     ,БАЛКАНАБАД      ,754007.0,0.0,60258.0,323077.0,ТРУБЫ_СТАЛЬН_СВАРН,39850306.0,2024-11-13 14:48:00,0
36770053,"АКЦИОНЕРНОЕ ОБЩЕСТВО ""КОМПАНИЯ АЛГОРИТМИКА""","ТОО ""QAZEXPOCENTRE - PIPE""",РОССИЯ           ,ЧЕЛЯБИНСК-Ю.    ,800605.0,КАЗАХСТАН        ,АКТАУ-ПОРТ      ,663503.0,58806811,0.0,54864.0,323077.0,ТРУБЫ_СТАЛЬН_СВАРН,39850306.0,2024-10-05,0,20182241,"ТОО ""QAZEXPOCENTRE - PIPE""",TURKMENENERGO STATE POWER CORPORATION OF THE MINISTRY OF ENERGY OF TURKMENISTAN,КАЗАХСТАН        ,АКТАУ-ПОРТ      ,663503.0,ТУРКМЕНИСТАН     ,БАЛКАНАБАД      ,754007.0,0.0,56159.0,323077.0,ТРУБЫ_СТАЛЬН_СВАРН,39850306.0,2024-12-12 19:13:00,0
36770053,"АКЦИОНЕРНОЕ ОБЩЕСТВО ""КОМПАНИЯ АЛГОРИТМИКА""","ТОО ""QAZEXPOCENTRE - PIPE""",РОССИЯ           ,ЧЕЛЯБИНСК-Ю.    ,800605.0,КАЗАХСТАН        ,АКТАУ-ПОРТ      ,663503.0,59926303,0.0,54727.0,323077.0,ТРУБЫ_СТАЛЬН_СВАРН,39850306.0,2024-10-05,0,20109123,"ТОО ""QAZEXPOCENTRE - PIPE""",TURKMENENERGO STATE POWER CORPORATION OF THE MINISTRY OF ENERGY OF TURKMENISTAN,КАЗАХСТАН        ,АКТАУ-ПОРТ      ,663503.0,ТУРКМЕНИСТАН     ,БАЛКАНАБАД      ,754007.0,0.0,60128.0,323077.0,ТРУБЫ_СТАЛЬН_СВАРН,39850306.0,2024-11-12 06:40:00,0
36775718,"АКЦИОНЕРНОЕ ОБЩЕСТВО ""КОМПАНИЯ АЛГОРИТМИКА""","ТОО ""QAZEXPOCENTRE - PIPE""",РОССИЯ           ,ЧЕЛЯБИНСК-Ю.    ,800605.0,КАЗАХСТАН        ,АКТАУ-ПОРТ      ,663503.0,54387576,0.0,59742.0,323077.0,ТРУБЫ_СТАЛЬН_СВАРН,39850306.0,2024-10-06,0,20181966,"ТОО ""QAZEXPOCENTRE - PIPE""",TURKMENENERGO STATE POWER CORPORATION OF THE MINISTRY OF ENERGY OF TURKMENISTAN,КАЗАХСТАН        ,АКТАУ-ПОРТ      ,663503.0,ТУРКМЕНИСТАН     ,БАЛКАНАБАД      ,754007.0,0.0,56156.0,323077.0,ТРУБЫ_СТАЛЬН_СВАРН,39850306.0,2024-12-13 00:04:00,0
36775756,"АКЦИОНЕРНОЕ ОБЩЕСТВО ""КОМПАНИЯ АЛГОРИТМИКА""","ТОО ""QAZEXPOCENTRE - PIPE""",РОССИЯ           ,ЧЕЛЯБИНСК-Ю.    ,800605.0,КАЗАХСТАН        ,АКТАУ-ПОРТ      ,663503.0,54983333,0.0,60520.0,323077.0,ТРУБЫ_СТАЛЬН_СВАРН,39850306.0,2024-10-06,0,20184444,"ТОО ""QAZEXPOCENTRE - PIPE""",TURKMENENERGO STATE POWER CORPORATION OF THE MINISTRY OF ENERGY OF TURKMENISTAN,КАЗАХСТАН        ,АКТАУ-ПОРТ      ,663503.0,ТУРКМЕНИСТАН     ,БАЛКАНАБАД      ,754007.0,0.0,60420.0,323077.0,ТРУБЫ_СТАЛЬН_СВАРН,39850306.0,2024-12-12 23:57:00,0
36775756,"АКЦИОНЕРНОЕ ОБЩЕСТВО ""КОМПАНИЯ АЛГОРИТМИКА""","ТОО ""QAZEXPOCENTRE - PIPE""",РОССИЯ           ,ЧЕЛЯБИНСК-Ю.    ,800605.0,КАЗАХСТАН        ,АКТАУ-ПОРТ      ,663503.0,54981857,0.0,60513.0,323077.0,ТРУБЫ_СТАЛЬН_СВАРН,39850306.0,2024-10-06,0,20184444,"ТОО ""QAZEXPOCENTRE - PIPE""",TURKMENENERGO STATE POWER CORPORATION OF THE MINISTRY OF ENERGY OF TURKMENISTAN,КАЗАХСТАН        ,АКТАУ-ПОРТ      ,663503.0,ТУРКМЕНИСТАН     ,БАЛКАНАБАД      ,754007.0,0.0,60275.0,323077.0,ТРУБЫ_СТАЛЬН_СВАРН,39850306.0,2024-12-12 23:57:00,0
577463,НЕ УКАЗАН,"АО ""Qarmet""",УЗБЕКИСТАН       ,ТАШКЕНТ         ,722400.0,КАЗАХСТАН        ,ЖАНА-АУЛ        ,674103.0,54554332,5553.0,5553.0,693161.0,ОБОРУДОВАН_НЕСљЕМН,38428679.0,2024-10-05,15468600,10259552,"АО ""QARMET""","ООО ""Новая вагоноремонтная компания"" ОКПО 86491409",КАЗАХСТАН        ,ЖАНА-АУЛ        ,674103.0,РОССИЯ           ,НИКЕЛЬ          ,814301.0,5553.0,5553.0,693161.0,ОБОРУДОВАН_НЕСљЕМН,38428679.0,2024-12-01 20:40:00,6346500
577499,НЕ УКАЗАН,"АО ""Qarmet""",УЗБЕКИСТАН       ,ТАШКЕНТ         ,722400.0,КАЗАХСТАН        ,ЖАНА-АУЛ        ,674103.0,54507652,5553.0,5553.0,693161.0,ОБОРУДОВАН_НЕСљЕМН,38428679.0,2024-10-05,15468600,10258905,"АО ""QARMET""","ООО ""Новая вагоноремонтная компания"" ОКПО 86491409",КАЗАХСТАН        ,ЖАНА-АУЛ        ,674103.0,РОССИЯ           ,НИКЕЛЬ          ,814301.0,0.0,5553.0,693161.0,ОБОРУДОВАН_НЕСљЕМН,38428679.0,2024-11-30 10:18:00,0
349298,,"АО ""Qarmet""",УЗБЕКИСТАН       ,АХАНГАРАН       ,723009.0,КАЗАХСТАН        ,ЖАНА-АУЛ        ,674103.0,54548714,5553.0,5553.0,693161.0,ОБОРУДОВАН_НЕСљЕМН,38428679.0,2024-10-04,15468600,10253600,"АО ""QARMET""","ООО ""Новая вагоноремонтная компания"" ОКПО 86491409",КАЗАХСТАН        ,ЖАНА-АУЛ        ,674103.0,РОССИЯ           ,НИКЕЛЬ          ,814301.0,5553.0,5553.0,693161.0,ОБОРУДОВАН_НЕСљЕМН,38428679.0,2024-11-20 06:20:00,10814100
36777788,"АКЦИОНЕРНОЕ ОБЩЕСТВО ""КОМПАНИЯ АЛГОРИТМИКА""","ТОО ""QAZEXPOCENTRE - PIPE""",РОССИЯ           ,ЧЕЛЯБИНСК-Ю.    ,800605.0,КАЗАХСТАН        ,АКТАУ-ПОРТ      ,663503.0,57420457,108404.0,54116.0,323077.0,ТРУБЫ_СТАЛЬН_СВАРН,39850306.0,2024-10-10,0,20108994,"ТОО ""QAZEXPOCENTRE - PIPE""",TURKMENENERGO STATE POWER CORPORATION OF THE MINISTRY OF ENERGY OF TURKMENISTAN,КАЗАХСТАН        ,АКТАУ-ПОРТ      ,663503.0,ТУРКМЕНИСТАН     ,БАЛКАНАБАД      ,754007.0,296323.0,56464.0,323077.0,ТРУБЫ_СТАЛЬН_СВАРН,39850306.0,2024-11-12 06:02:00,242461639
36777788,"АКЦИОНЕРНОЕ ОБЩЕСТВО ""КОМПАНИЯ АЛГОРИТМИКА""","ТОО ""QAZEXPOCENTRE - PIPE""",РОССИЯ           ,ЧЕЛЯБИНСК-Ю.    ,800605.0,КАЗАХСТАН        ,АКТАУ-ПОРТ      ,663503.0,54386032,0.0,54288.0,323077.0,ТРУБЫ_СТАЛЬН_СВАРН,39850306.0,2024-10-10,0,20099272,"ТОО ""QAZEXPOCENTRE - PIPE""",TURKMENENERGO STATE POWER CORPORATION OF THE MINISTRY OF ENERGY OF TURKMENISTAN,КАЗАХСТАН        ,АКТАУ-ПОРТ      ,663503.0,ТУРКМЕНИСТАН     ,БАЛКАНАБАД      ,754007.0,0.0,57521.0,323077.0,ТРУБЫ_СТАЛЬН_СВАРН,39850306.0,2024-11-09 02:57:00,0
36777688,"АКЦИОНЕРНОЕ ОБЩЕСТВО ""КОМПАНИЯ АЛГОРИТМИКА""","ТОО ""QAZEXPOCENTRE - PIPE""",РОССИЯ           ,ЧЕЛЯБИНСК-Ю.    ,800605.0,КАЗАХСТАН        ,АКТАУ-ПОРТ      ,663503.0,58806944,54116.0,54116.0,323077.0,ТРУБЫ_СТАЛЬН_СВАРН,39850306.0,2024-10-10,0,20096521,"ТОО ""QAZEXPOCENTRE - PIPE""",TURKMENENERGO STATE POWER CORPORATION OF THE MINISTRY OF ENERGY OF TURKMENISTAN,КАЗАХСТАН        ,АКТАУ-ПОРТ      ,663503.0,ТУРКМЕНИСТАН     ,БАЛКАНАБАД      ,754007.0,0.0,56886.0,323077.0,ТРУБЫ_СТАЛЬН_СВАРН,39850306.0,2024-11-07 10:14:00,0
36780297,"АКЦИОНЕРНОЕ ОБЩЕСТВО ""КОМПАНИЯ АЛГОРИТМИКА""","ТОО ""QAZEXPOCENTRE - PIPE""",РОССИЯ           ,ЧЕЛЯБИНСК-Ю.    ,800605.0,КАЗАХСТАН        ,АКТАУ-ПОРТ      ,663503.0,54936729,53929.0,53929.0,323077.0,ТРУБЫ_СТАЛЬН_СВАРН,39850306.0,2024-10-10,0,20093998,"ТОО ""QAZEXPOCENTRE - PIPE""",TURKMENENERGO STATE POWER CORPORATION OF THE MINISTRY OF ENERGY OF TURKMENISTAN,КАЗАХСТАН        ,АКТАУ-ПОРТ      ,663503.0,ТУРКМЕНИСТАН     ,БАЛКАНАБАД      ,754007.0,476468.0,57495.0,323077.0,ТРУБЫ_СТАЛЬН_СВАРН,39850306.0,2024-11-07 01:12:00,387537612
36778332,"АКЦИОНЕРНОЕ ОБЩЕСТВО ""КОМПАНИЯ АЛГОРИТМИКА""","ТОО ""QAZEXPOCENTRE - PIPE""",РОССИЯ           ,ЧЕЛЯБИНСК-Ю.    ,800605.0,КАЗАХСТАН        ,АКТАУ-ПОРТ      ,663503.0,59927905,108051.0,54368.0,323077.0,ТРУБЫ_СТАЛЬН_СВАРН,39850306.0,2024-10-10,0,20093998,"ТОО ""QAZEXPOCENTRE - PIPE""",TURKMENENERGO STATE POWER CORPORATION OF THE MINISTRY OF ENERGY OF TURKMENISTAN,КАЗАХСТАН        ,АКТАУ-ПОРТ      ,663503.0,ТУРКМЕНИСТАН     ,БАЛКАНАБАД      ,754007.0,0.0,57475.0,323077.0,ТРУБЫ_СТАЛЬН_СВАРН,39850306.0,2024-11-07 01:12:00,0
36779996,"АКЦИОНЕРНОЕ ОБЩЕСТВО ""КОМПАНИЯ АЛГОРИТМИКА""","ТОО ""QAZEXPOCENTRE - PIPE""",РОССИЯ           ,ЧЕЛЯБИНСК-Ю.    ,800605.0,КАЗАХСТАН        ,АКТАУ-ПОРТ      ,663503.0,58806563,0.0,56095.0,323077.0,ТРУБЫ_СТАЛЬН_СВАРН,39850306.0,2024-10-10,0,20168012,"ТОО ""QAZEXPOCENTRE - PIPE""",TURKMENENERGO STATE POWER CORPORATION OF THE MINISTRY OF ENERGY OF TURKMENISTAN,КАЗАХСТАН        ,АКТАУ-ПОРТ      ,663503.0,ТУРКМЕНИСТАН     ,БАЛКАНАБАД      ,754007.0,0.0,50286.0,323077.0,ТРУБЫ_СТАЛЬН_СВАРН,39850306.0,2024-12-05 23:38:00,0
36781187,"АКЦИОНЕРНОЕ ОБЩЕСТВО ""КОМПАНИЯ АЛГОРИТМИКА""",ТОО QAZEXPOCENTRE-PIPE,РОССИЯ           ,ЧЕЛЯБИНСК-Ю.    ,800605.0,КАЗАХСТАН        ,АКТАУ-ПОРТ      ,663503.0,59927350,181295.0,60453.0,323077.0,ТРУБЫ_СТАЛЬН_СВАРН,39850306.0,2024-10-10,0,20050697,"ТОО ""QAZEXPOCENTRE - PIPE""",TURKMENENERGO STATE POWER CORPORATION OF THE MINISTRY OF ENERGY OF TURKMENISTAN*,КАЗАХСТАН        ,АКТАУ-ПОРТ      ,663503.0,ТУРКМЕНИСТАН     ,БАЛКАНАБАД      ,754007.0,0.0,60453.0,323077.0,ТРУБЫ_СТАЛЬН_СВАРН,39850306.0,2024-10-16 18:52:00,0
36781187,"АКЦИОНЕРНОЕ ОБЩЕСТВО ""КОМПАНИЯ АЛГОРИТМИКА""",ТОО QAZEXPOCENTRE-PIPE,РОССИЯ           ,ЧЕЛЯБИНСК-Ю.    ,800605.0,КАЗАХСТАН        ,АКТАУ-ПОРТ      ,663503.0,59928622,0.0,60367.0,323077.0,ТРУБЫ_СТАЛЬН_СВАРН,39850306.0,2024-10-10,0,20050697,"ТОО ""QAZEXPOCENTRE - PIPE""",TURKMENENERGO STATE POWER CORPORATION OF THE MINISTRY OF ENERGY OF TURKMENISTAN*,КАЗАХСТАН        ,АКТАУ-ПОРТ      ,663503.0,ТУРКМЕНИСТАН     ,БАЛКАНАБАД      ,754007.0,0.0,60367.0,323077.0,ТРУБЫ_СТАЛЬН_СВАРН,39850306.0,2024-10-16 18:52:00,0
36781187,"АКЦИОНЕРНОЕ ОБЩЕСТВО ""КОМПАНИЯ АЛГОРИТМИКА""",ТОО QAZEXPOCENTRE-PIPE,РОССИЯ           ,ЧЕЛЯБИНСК-Ю.    ,800605.0,КАЗАХСТАН        ,АКТАУ-ПОРТ      ,663503.0,59928663,0.0,60475.0,323077.0,ТРУБЫ_СТАЛЬН_СВАРН,39850306.0,2024-10-10,0,20050697,"ТОО ""QAZEXPOCENTRE - PIPE""",TURKMENENERGO STATE POWER CORPORATION OF THE MINISTRY OF ENERGY OF TURKMENISTAN*,КАЗАХСТАН        ,АКТАУ-ПОРТ      ,663503.0,ТУРКМЕНИСТАН     ,БАЛКАНАБАД      ,754007.0,0.0,60475.0,323077.0,ТРУБЫ_СТАЛЬН_СВАРН,39850306.0,2024-10-16 18:52:00,0
635271,,"АО ""Qarmet""",УЗБЕКИСТАН       ,МАРОКАНД   .    ,728002.0,КАЗАХСТАН        ,ЖАНА-АУЛ        ,674103.0,54408034,72189.0,5553.0,693161.0,ОБОРУДОВАН_НЕСљЕМН,38428679.0,2024-10-05,201091800,10270659,"АО ""QARMET""","ООО""НВК""",КАЗАХСТАН        ,ЖАНА-АУЛ        ,674103.0,РОССИЯ           ,НИКЕЛЬ          ,814301.0,5553.0,5553.0,693161.0,ОБОРУДОВАН_НЕСљЕМН,38428679.0,2024-12-21 13:02:00,9262900
635271,,"АО ""Qarmet""",УЗБЕКИСТАН       ,МАРОКАНД   .    ,728002.0,КАЗАХСТАН        ,ЖАНА-АУЛ        ,674103.0,54440623,0.0,5553.0,693161.0,ОБОРУДОВАН_НЕСљЕМН,38428679.0,2024-10-05,0,10257139,"АО ""QARMET""","ООО ""Новая вагоноремонтная компания"" ОКПО 86491409",КАЗАХСТАН        ,ЖАНА-АУЛ        ,674103.0,РОССИЯ           ,НИКЕЛЬ          ,814301.0,16659.0,5553.0,693161.0,ОБОРУДОВАН_НЕСљЕМН,38428679.0,2024-11-27 05:36:00,19039500
635271,,"АО ""Qarmet""",УЗБЕКИСТАН       ,МАРОКАНД   .    ,728002.0,КАЗАХСТАН        ,ЖАНА-АУЛ        ,674103.0,54553482,0.0,5553.0,693161.0,ОБОРУДОВАН_НЕСљЕМН,38428679.0,2024-10-05,0,10269720,"АО ""QARMET""","ООО ""Новая вагоноремонтнаякомпания"" ОКПО 86491409",КАЗАХСТАН        ,ЖАНА-АУЛ        ,674103.0,РОССИЯ           ,НИКЕЛЬ          ,814301.0,5553.0,5553.0,693161.0,ОБОРУДОВАН_НЕСљЕМН,38428679.0,2024-12-19 19:18:00,12127400
631195,НЕ УКАЗАН,"АО ""Qarmet""",УЗБЕКИСТАН       ,СЕРГЕЛИ         ,723507.0,КАЗАХСТАН        ,ЖАНА-АУЛ        ,674103.0,54521661,5553.0,5553.0,693161.0,ОБОРУДОВАН_НЕСљЕМН,38428679.0,2024-10-09,15468600,10273778,"АО ""QARMET""","ООО""НВК""",КАЗАХСТАН        ,ЖАНА-АУЛ        ,674103.0,РОССИЯ           ,НИКЕЛЬ          ,814301.0,5553.0,5553.0,693161.0,ОБОРУДОВАН_НЕСљЕМН,38428679.0,2024-12-27 08:28:00,7313100
635306,,"АО ""Qarmet""",УЗБЕКИСТАН       ,МАРОКАНД   .    ,728002.0,КАЗАХСТАН        ,ЖАНА-АУЛ        ,674103.0,54548516,0.0,5553.0,693161.0,ОБОРУДОВАН_НЕСљЕМН,38428679.0,2024-10-11,0,10271066,"АО ""QARMET""","ООО""НВК""",КАЗАХСТАН        ,ЖАНА-АУЛ        ,674103.0,РОССИЯ           ,НИКЕЛЬ          ,814301.0,5553.0,5553.0,693161.0,ОБОРУДОВАН_НЕСљЕМН,38428679.0,2024-12-22 12:02:00,12127400
635314,,"АО ""Qarmet""",УЗБЕКИСТАН       ,МАРОКАНД   .    ,728002.0,КАЗАХСТАН        ,ЖАНА-АУЛ        ,674103.0,54515200,0.0,5553.0,693161.0,ОБОРУДОВАН_НЕСљЕМН,38428679.0,2024-10-15,0,10270305,"АО ""QARMET""","ООО""НВК""",КАЗАХСТАН        ,ЖАНА-АУЛ        ,674103.0,РОССИЯ           ,НИКЕЛЬ          ,814301.0,11106.0,5553.0,693161.0,ОБОРУДОВАН_НЕСљЕМН,38428679.0,2024-12-20 19:00:00,14626200
670007,НЕ УКАЗАН,"АО ""Qarmet""",УЗБЕКИСТАН       ,ТАШКЕНТ         ,722400.0,КАЗАХСТАН        ,ЖАНА-АУЛ        ,674103.0,54554332,5553.0,5553.0,693161.0,ОБОРУДОВАН_НЕСљЕМН,38428679.0,2024-10-23,15468600,10259552,"АО ""QARMET""","ООО ""Новая вагоноремонтная компания"" ОКПО 86491409",КАЗАХСТАН        ,ЖАНА-АУЛ        ,674103.0,РОССИЯ           ,НИКЕЛЬ          ,814301.0,5553.0,5553.0,693161.0,ОБОРУДОВАН_НЕСљЕМН,38428679.0,2024-12-01 20:40:00,6346500
670041,НЕ УКАЗАН,"АО ""Qarmet""",УЗБЕКИСТАН       ,ТАШКЕНТ         ,722400.0,КАЗАХСТАН        ,ЖАНА-АУЛ        ,674103.0,54440623,5553.0,5553.0,693161.0,ОБОРУДОВАН_НЕСљЕМН,38428679.0,2024-10-27,10042800,10257139,"АО ""QARMET""","ООО ""Новая вагоноремонтная компания"" ОКПО 86491409",КАЗАХСТАН        ,ЖАНА-АУЛ        ,674103.0,РОССИЯ           ,НИКЕЛЬ          ,814301.0,16659.0,5553.0,693161.0,ОБОРУДОВАН_НЕСљЕМН,38428679.0,2024-11-27 05:36:00,19039500
36901258.0,"АКЦИОНЕРНОЕ ОБЩЕСТВО ""КОМПАНИЯ АЛГОРИТМИКА""","ТОО ""QAZEXPOCENTRE - PIPE""",РОССИЯ           ,ЧЕЛЯБИНСК-Ю.    ,800605.0,КАЗАХСТАН        ,АКТАУ-ПОРТ      ,663503.0,54387543,0.0,40722.0,323077.0,ТРУБЫ_СТАЛЬН_СВАРН,39850306.0,2024-11-02,0,20096492,"ТОО ""QAZEXPOCENTRE - PIPE""",TURKMENENERGO STATE POWER CORPORATION OF THE MINISTRY OF ENERGY OF TURKMENISTAN,КАЗАХСТАН        ,АКТАУ-ПОРТ      ,663503.0,ТУРКМЕНИСТАН     ,БАЛКАНАБАД      ,754007.0,0.0,60298.0,323077.0,ТРУБЫ_СТАЛЬН_СВАРН,39850306.0,2024-11-07 02:35:00,0
36895630.0,"АКЦИОНЕРНОЕ ОБЩЕСТВО ""КОМПАНИЯ АЛГОРИТМИКА""","ТОО ""QAZEXPOCENTRE - PIPE""",РОССИЯ           ,ЧЕЛЯБИНСК-Ю.    ,800605.0,КАЗАХСТАН        ,АКТАУ-ПОРТ      ,663503.0,58833831,0.0,60592.0,323077.0,ТРУБЫ_СТАЛЬН_СВАРН,39850306.0,2024-11-02,0,20096492,"ТОО ""QAZEXPOCENTRE - PIPE""",TURKMENENERGO STATE POWER CORPORATION OF THE MINISTRY OF ENERGY OF TURKMENISTAN,КАЗАХСТАН        ,АКТАУ-ПОРТ      ,663503.0,ТУРКМЕНИСТАН     ,БАЛКАНАБАД      ,754007.0,117221.0,56923.0,323077.0,ТРУБЫ_СТАЛЬН_СВАРН,39850306.0,2024-11-07 02:35:00,96090335
36944914.0,"АКЦИОНЕРНОЕ ОБЩЕСТВО ""КОМПАНИЯ АЛГОРИТМИКА""","ТОО ""QAZEXPOCENTRE - PIPE""",РОССИЯ           ,ЧЕЛЯБИНСК-Ю.    ,800605.0,КАЗАХСТАН        ,АКТАУ-ПОРТ      ,663503.0,54386206,180647.0,60094.0,323077.0,ТРУБЫ_СТАЛЬН_СВАРН,39850306.0,2024-11-10,0,20182241,"ТОО ""QAZEXPOCENTRE - PIPE""",TURKMENENERGO STATE POWER CORPORATION OF THE MINISTRY OF ENERGY OF TURKMENISTAN,КАЗАХСТАН        ,АКТАУ-ПОРТ      ,663503.0,ТУРКМЕНИСТАН     ,БАЛКАНАБАД      ,754007.0,0.0,60984.0,323077.0,ТРУБЫ_СТАЛЬН_СВАРН,39850306.0,2024-12-12 19:13:00,0
36944914.0,"АКЦИОНЕРНОЕ ОБЩЕСТВО ""КОМПАНИЯ АЛГОРИТМИКА""","ТОО ""QAZEXPOCENTRE - PIPE""",РОССИЯ           ,ЧЕЛЯБИНСК-Ю.    ,800605.0,КАЗАХСТАН        ,АКТАУ-ПОРТ      ,663503.0,54387147,0.0,60295.0,323077.0,ТРУБЫ_СТАЛЬН_СВАРН,39850306.0,2024-11-10,0,20182241,"ТОО ""QAZEXPOCENTRE - PIPE""",TURKMENENERGO STATE POWER CORPORATION OF THE MINISTRY OF ENERGY OF TURKMENISTAN,КАЗАХСТАН        ,АКТАУ-ПОРТ      ,663503.0,ТУРКМЕНИСТАН     ,БАЛКАНАБАД      ,754007.0,0.0,56405.0,323077.0,ТРУБЫ_СТАЛЬН_СВАРН,39850306.0,2024-12-12 19:13:00,0
36944914.0,"АКЦИОНЕРНОЕ ОБЩЕСТВО ""КОМПАНИЯ АЛГОРИТМИКА""","ТОО ""QAZEXPOCENTRE - PIPE""",РОССИЯ           ,ЧЕЛЯБИНСК-Ю.    ,800605.0,КАЗАХСТАН        ,АКТАУ-ПОРТ      ,663503.0,58806811,0.0,60258.0,323077.0,ТРУБЫ_СТАЛЬН_СВАРН,39850306.0,2024-11-10,0,20182241,"ТОО ""QAZEXPOCENTRE - PIPE""",TURKMENENERGO STATE POWER CORPORATION OF THE MINISTRY OF ENERGY OF TURKMENISTAN,КАЗАХСТАН        ,АКТАУ-ПОРТ      ,663503.0,ТУРКМЕНИСТАН     ,БАЛКАНАБАД      ,754007.0,0.0,56159.0,323077.0,ТРУБЫ_СТАЛЬН_СВАРН,39850306.0,2024-12-12 19:13:00,0
36944746.0,"АКЦИОНЕРНОЕ ОБЩЕСТВО ""КОМПАНИЯ АЛГОРИТМИКА""","ТОО ""QAZEXPOCENTRE - PIPE""",РОССИЯ           ,ЧЕЛЯБИНСК-Ю.    ,800605.0,КАЗАХСТАН        ,АКТАУ-ПОРТ      ,663503.0,58833419,60392.0,60392.0,323077.0,ТРУБЫ_СТАЛЬН_СВАРН,39850306.0,2024-11-10,0,20182241,"ТОО ""QAZEXPOCENTRE - PIPE""",TURKMENENERGO STATE POWER CORPORATION OF THE MINISTRY OF ENERGY OF TURKMENISTAN,КАЗАХСТАН        ,АКТАУ-ПОРТ      ,663503.0,ТУРКМЕНИСТАН     ,БАЛКАНАБАД      ,754007.0,0.0,56592.0,323077.0,ТРУБЫ_СТАЛЬН_СВАРН,39850306.0,2024-12-12 19:13:00,0
36944724.0,"АКЦИОНЕРНОЕ ОБЩЕСТВО ""КОМПАНИЯ АЛГОРИТМИКА""","ТОО ""QAZEXPOCENTRE - PIPE""",РОССИЯ           ,ЧЕЛЯБИНСК-Ю.    ,800605.0,КАЗАХСТАН        ,АКТАУ-ПОРТ      ,663503.0,54982160,0.0,60381.0,323077.0,ТРУБЫ_СТАЛЬН_СВАРН,39850306.0,2024-11-10,0,20168182,"ТОО ""QAZEXPOCENTRE - PIPE""",TURKMENENERGO STATE POWER CORPORATION OF THE MINISTRY OF ENERGY OF TURKMENISTAN,КАЗАХСТАН        ,АКТАУ-ПОРТ      ,663503.0,ТУРКМЕНИСТАН     ,БАЛКАНАБАД      ,754007.0,0.0,55840.0,323077.0,ТРУБЫ_СТАЛЬН_СВАРН,39850306.0,2024-12-06 00:03:00,0
36944941.0,"АКЦИОНЕРНОЕ ОБЩЕСТВО ""КОМПАНИЯ АЛГОРИТМИКА""","ТОО ""QAZEXPOCENTRE - PIPE""",РОССИЯ           ,ЧЕЛЯБИНСК-Ю.    ,800605.0,КАЗАХСТАН        ,АКТАУ-ПОРТ      ,663503.0,58834078,60090.0,60090.0,323077.0,ТРУБЫ_СТАЛЬН_СВАРН,39850306.0,2024-11-10,0,20168182,"ТОО ""QAZEXPOCENTRE - PIPE""",TURKMENENERGO STATE POWER CORPORATION OF THE MINISTRY OF ENERGY OF TURKMENISTAN,КАЗАХСТАН        ,АКТАУ-ПОРТ      ,663503.0,ТУРКМЕНИСТАН     ,БАЛКАНАБАД      ,754007.0,0.0,54360.0,323077.0,ТРУБЫ_СТАЛЬН_СВАРН,39850306.0,2024-12-06 00:03:00,0
36944677.0,"АКЦИОНЕРНОЕ ОБЩЕСТВО ""КОМПАНИЯ АЛГОРИТМИКА""","ТОО ""QAZEXPOCENTRE - PIPE""",РОССИЯ           ,ЧЕЛЯБИНСК-Ю.    ,800605.0,КАЗАХСТАН        ,АКТАУ-ПОРТ      ,663503.0,54386586,421223.0,60280.0,323077.0,ТРУБЫ_СТАЛЬН_СВАРН,39850306.0,2024-11-10,0,20182241,"ТОО ""QAZEXPOCENTRE - PIPE""",TURKMENENERGO STATE POWER CORPORATION OF THE MINISTRY OF ENERGY OF TURKMENISTAN,КАЗАХСТАН        ,АКТАУ-ПОРТ      ,663503.0,ТУРКМЕНИСТАН     ,БАЛКАНАБАД      ,754007.0,0.0,60984.0,323077.0,ТРУБЫ_СТАЛЬН_СВАРН,39850306.0,2024-12-12 19:13:00,0
36944677.0,"АКЦИОНЕРНОЕ ОБЩЕСТВО ""КОМПАНИЯ АЛГОРИТМИКА""","ТОО ""QAZEXPOCENTRE - PIPE""",РОССИЯ           ,ЧЕЛЯБИНСК-Ю.    ,800605.0,КАЗАХСТАН        ,АКТАУ-ПОРТ      ,663503.0,54388475,0.0,60274.0,323077.0,ТРУБЫ_СТАЛЬН_СВАРН,39850306.0,2024-11-10,0,20168182,"ТОО ""QAZEXPOCENTRE - PIPE""",TURKMENENERGO STATE POWER CORPORATION OF THE MINISTRY OF ENERGY OF TURKMENISTAN,КАЗАХСТАН        ,АКТАУ-ПОРТ      ,663503.0,ТУРКМЕНИСТАН     ,БАЛКАНАБАД      ,754007.0,0.0,55840.0,323077.0,ТРУБЫ_СТАЛЬН_СВАРН,39850306.0,2024-12-06 00:03:00,0
36944677.0,"АКЦИОНЕРНОЕ ОБЩЕСТВО ""КОМПАНИЯ АЛГОРИТМИКА""","ТОО ""QAZEXPOCENTRE - PIPE""",РОССИЯ           ,ЧЕЛЯБИНСК-Ю.    ,800605.0,КАЗАХСТАН        ,АКТАУ-ПОРТ      ,663503.0,54389648,0.0,60097.0,323077.0,ТРУБЫ_СТАЛЬН_СВАРН,39850306.0,2024-11-10,0,20168182,"ТОО ""QAZEXPOCENTRE - PIPE""",TURKMENENERGO STATE POWER CORPORATION OF THE MINISTRY OF ENERGY OF TURKMENISTAN,КАЗАХСТАН        ,АКТАУ-ПОРТ      ,663503.0,ТУРКМЕНИСТАН     ,БАЛКАНАБАД      ,754007.0,0.0,55840.0,323077.0,ТРУБЫ_СТАЛЬН_СВАРН,39850306.0,2024-12-06 00:03:00,0
36944677.0,"АКЦИОНЕРНОЕ ОБЩЕСТВО ""КОМПАНИЯ АЛГОРИТМИКА""","ТОО ""QAZEXPOCENTRE - PIPE""",РОССИЯ           ,ЧЕЛЯБИНСК-Ю.    ,800605.0,КАЗАХСТАН        ,АКТАУ-ПОРТ      ,663503.0,54935960,0.0,59808.0,323077.0,ТРУБЫ_СТАЛЬН_СВАРН,39850306.0,2024-11-10,0,20182241,"ТОО ""QAZEXPOCENTRE - PIPE""",TURKMENENERGO STATE POWER CORPORATION OF THE MINISTRY OF ENERGY OF TURKMENISTAN,КАЗАХСТАН        ,АКТАУ-ПОРТ      ,663503.0,ТУРКМЕНИСТАН     ,БАЛКАНАБАД      ,754007.0,0.0,56844.0,323077.0,ТРУБЫ_СТАЛЬН_СВАРН,39850306.0,2024-12-12 19:13:00,0
36944677.0,"АКЦИОНЕРНОЕ ОБЩЕСТВО ""КОМПАНИЯ АЛГОРИТМИКА""","ТОО ""QAZEXPOCENTRE - PIPE""",РОССИЯ           ,ЧЕЛЯБИНСК-Ю.    ,800605.0,КАЗАХСТАН        ,АКТАУ-ПОРТ      ,663503.0,58832866,0.0,60355.0,323077.0,ТРУБЫ_СТАЛЬН_СВАРН,39850306.0,2024-11-10,0,20182241,"ТОО ""QAZEXPOCENTRE - PIPE""",TURKMENENERGO STATE POWER CORPORATION OF THE MINISTRY OF ENERGY OF TURKMENISTAN,КАЗАХСТАН        ,АКТАУ-ПОРТ      ,663503.0,ТУРКМЕНИСТАН     ,БАЛКАНАБАД      ,754007.0,624530.0,56764.0,323077.0,ТРУБЫ_СТАЛЬН_СВАРН,39850306.0,2024-12-12 19:13:00,549401991
36944677.0,"АКЦИОНЕРНОЕ ОБЩЕСТВО ""КОМПАНИЯ АЛГОРИТМИКА""","ТОО ""QAZEXPOCENTRE - PIPE""",РОССИЯ           ,ЧЕЛЯБИНСК-Ю.    ,800605.0,КАЗАХСТАН        ,АКТАУ-ПОРТ      ,663503.0,58833732,0.0,60185.0,323077.0,ТРУБЫ_СТАЛЬН_СВАРН,39850306.0,2024-11-10,0,20182241,"ТОО ""QAZEXPOCENTRE - PIPE""",TURKMENENERGO STATE POWER CORPORATION OF THE MINISTRY OF ENERGY OF TURKMENISTAN,КАЗАХСТАН        ,АКТАУ-ПОРТ      ,663503.0,ТУРКМЕНИСТАН     ,БАЛКАНАБАД      ,754007.0,0.0,56592.0,323077.0,ТРУБЫ_СТАЛЬН_СВАРН,39850306.0,2024-12-12 19:13:00,0
36944680.0,"АКЦИОНЕРНОЕ ОБЩЕСТВО ""КОМПАНИЯ АЛГОРИТМИКА""","ТОО ""QAZEXPOCENTRE - PIPE""",РОССИЯ           ,ЧЕЛЯБИНСК-Ю.    ,800605.0,КАЗАХСТАН        ,АКТАУ-ПОРТ      ,663503.0,54389259,120315.0,60155.0,323077.0,ТРУБЫ_СТАЛЬН_СВАРН,39850306.0,2024-11-10,0,20182241,"ТОО ""QAZEXPOCENTRE - PIPE""",TURKMENENERGO STATE POWER CORPORATION OF THE MINISTRY OF ENERGY OF TURKMENISTAN,КАЗАХСТАН        ,АКТАУ-ПОРТ      ,663503.0,ТУРКМЕНИСТАН     ,БАЛКАНАБАД      ,754007.0,0.0,43182.0,323077.0,ТРУБЫ_СТАЛЬН_СВАРН,39850306.0,2024-12-12 19:13:00,0
36944680.0,"АКЦИОНЕРНОЕ ОБЩЕСТВО ""КОМПАНИЯ АЛГОРИТМИКА""","ТОО ""QAZEXPOCENTRE - PIPE""",РОССИЯ           ,ЧЕЛЯБИНСК-Ю.    ,800605.0,КАЗАХСТАН        ,АКТАУ-ПОРТ      ,663503.0,58833906,0.0,60160.0,323077.0,ТРУБЫ_СТАЛЬН_СВАРН,39850306.0,2024-11-10,0,20168182,"ТОО ""QAZEXPOCENTRE - PIPE""",TURKMENENERGO STATE POWER CORPORATION OF THE MINISTRY OF ENERGY OF TURKMENISTAN,КАЗАХСТАН        ,АКТАУ-ПОРТ      ,663503.0,ТУРКМЕНИСТАН     ,БАЛКАНАБАД      ,754007.0,478520.0,54360.0,323077.0,ТРУБЫ_СТАЛЬН_СВАРН,39850306.0,2024-12-06 00:03:00,449256773
36944923.0,"АКЦИОНЕРНОЕ ОБЩЕСТВО ""КОМПАНИЯ АЛГОРИТМИКА""","ТОО ""QAZEXPOCENTRE - PIPE""",РОССИЯ           ,ЧЕЛЯБИНСК-Ю.    ,800605.0,КАЗАХСТАН        ,АКТАУ-ПОРТ      ,663503.0,54986542,241269.0,60487.0,323077.0,ТРУБЫ_СТАЛЬН_СВАРН,39850306.0,2024-11-10,0,20168182,"ТОО ""QAZEXPOCENTRE - PIPE""",TURKMENENERGO STATE POWER CORPORATION OF THE MINISTRY OF ENERGY OF TURKMENISTAN,КАЗАХСТАН        ,АКТАУ-ПОРТ      ,663503.0,ТУРКМЕНИСТАН     ,БАЛКАНАБАД      ,754007.0,0.0,55840.0,323077.0,ТРУБЫ_СТАЛЬН_СВАРН,39850306.0,2024-12-06 00:03:00,0
36944923.0,"АКЦИОНЕРНОЕ ОБЩЕСТВО ""КОМПАНИЯ АЛГОРИТМИКА""","ТОО ""QAZEXPOCENTRE - PIPE""",РОССИЯ           ,ЧЕЛЯБИНСК-Ю.    ,800605.0,КАЗАХСТАН        ,АКТАУ-ПОРТ      ,663503.0,54984315,0.0,60374.0,323077.0,ТРУБЫ_СТАЛЬН_СВАРН,39850306.0,2024-11-10,0,20168182,"ТОО ""QAZEXPOCENTRE - PIPE""",TURKMENENERGO STATE POWER CORPORATION OF THE MINISTRY OF ENERGY OF TURKMENISTAN,КАЗАХСТАН        ,АКТАУ-ПОРТ      ,663503.0,ТУРКМЕНИСТАН     ,БАЛКАНАБАД      ,754007.0,0.0,55840.0,323077.0,ТРУБЫ_СТАЛЬН_СВАРН,39850306.0,2024-12-06 00:03:00,0
36944947.0,"АКЦИОНЕРНОЕ ОБЩЕСТВО ""КОМПАНИЯ АЛГОРИТМИКА""","ТОО ""QAZEXPOCENTRE - PIPE""",РОССИЯ           ,ЧЕЛЯБИНСК-Ю.    ,800605.0,КАЗАХСТАН        ,АКТАУ-ПОРТ      ,663503.0,54388574,120724.0,60515.0,323077.0,ТРУБЫ_СТАЛЬН_СВАРН,39850306.0,2024-11-10,0,20168182,"ТОО ""QAZEXPOCENTRE - PIPE""",TURKMENENERGO STATE POWER CORPORATION OF THE MINISTRY OF ENERGY OF TURKMENISTAN,КАЗАХСТАН        ,АКТАУ-ПОРТ      ,663503.0,ТУРКМЕНИСТАН     ,БАЛКАНАБАД      ,754007.0,0.0,45300.0,323077.0,ТРУБЫ_СТАЛЬН_СВАРН,39850306.0,2024-12-06 00:03:00,0
36944947.0,"АКЦИОНЕРНОЕ ОБЩЕСТВО ""КОМПАНИЯ АЛГОРИТМИКА""","ТОО ""QAZEXPOCENTRE - PIPE""",РОССИЯ           ,ЧЕЛЯБИНСК-Ю.    ,800605.0,КАЗАХСТАН        ,АКТАУ-ПОРТ      ,663503.0,58833708,0.0,60209.0,323077.0,ТРУБЫ_СТАЛЬН_СВАРН,39850306.0,2024-11-10,0,20168182,"ТОО ""QAZEXPOCENTRE - PIPE""",TURKMENENERGO STATE POWER CORPORATION OF THE MINISTRY OF ENERGY OF TURKMENISTAN,КАЗАХСТАН        ,АКТАУ-ПОРТ      ,663503.0,ТУРКМЕНИСТАН     ,БАЛКАНАБАД      ,754007.0,0.0,45300.0,323077.0,ТРУБЫ_СТАЛЬН_СВАРН,39850306.0,2024-12-06 00:03:00,0
36944919.0,"АКЦИОНЕРНОЕ ОБЩЕСТВО ""КОМПАНИЯ АЛГОРИТМИКА""","ТОО ""QAZEXPOCENTRE - PIPE""",РОССИЯ           ,ЧЕЛЯБИНСК-Ю.    ,800605.0,КАЗАХСТАН        ,АКТАУ-ПОРТ      ,663503.0,54984935,0.0,60235.0,323077.0,ТРУБЫ_СТАЛЬН_СВАРН,39850306.0,2024-11-10,0,20182241,"ТОО ""QAZEXPOCENTRE - PIPE""",TURKMENENERGO STATE POWER CORPORATION OF THE MINISTRY OF ENERGY OF TURKMENISTAN,КАЗАХСТАН        ,АКТАУ-ПОРТ      ,663503.0,ТУРКМЕНИСТАН     ,БАЛКАНАБАД      ,754007.0,0.0,59800.0,323077.0,ТРУБЫ_СТАЛЬН_СВАРН,39850306.0,2024-12-12 19:13:00,0
36912404,ОАО РОССИЙСКИЕ ЖЕЛЕЗНЫЕ ДОРОГИ,"ТОО ""QAZEXPOCENTRE - PIPE""",РОССИЯ           ,ЧЕЛЯБИНСК ГЛ    ,800008.0,КАЗАХСТАН        ,МАНГИСТАУ       ,663306.0,54981097,60465.0,60465.0,323077.0,ТРУБЫ_СТАЛЬН_СВАРН,10000001.0,2024-11-04,0,20093998,"ТОО ""QAZEXPOCENTRE - PIPE""",TURKMENENERGO STATE POWER CORPORATION OF THE MINISTRY OF ENERGY OF TURKMENISTAN,КАЗАХСТАН        ,АКТАУ-ПОРТ      ,663503.0,ТУРКМЕНИСТАН     ,БАЛКАНАБАД      ,754007.0,0.0,60465.0,323077.0,ТРУБЫ_СТАЛЬН_СВАРН,39850306.0,2024-11-07 01:12:00,0
635444,НЕ УКАЗАН,"АО ""Qarmet""",УЗБЕКИСТАН       ,МАРОКАНД   .    ,728002.0,КАЗАХСТАН        ,ЖАНА-АУЛ        ,674103.0,44352102,0.0,5553.0,693161.0,ОБОРУДОВАН_НЕСљЕМН,38428679.0,2024-11-12,0,10268537,"АО ""QARMET""","ООО ""Новая вагоноремонтнаякомпания"" ОКПО 86491409",КАЗАХСТАН        ,ЖАНА-АУЛ        ,674103.0,РОССИЯ           ,НИКЕЛЬ          ,814301.0,11106.0,5553.0,693161.0,ОБОРУДОВАН_НЕСљЕМН,38428679.0,2024-12-17 22:59:00,14626200
635444,НЕ УКАЗАН,"АО ""Qarmet""",УЗБЕКИСТАН       ,МАРОКАНД   .    ,728002.0,КАЗАХСТАН        ,ЖАНА-АУЛ        ,674103.0,54429782,0.0,5553.0,693161.0,ОБОРУДОВАН_НЕСљЕМН,38428679.0,2024-11-12,0,10268537,"АО ""QARMET""","ООО ""Новая вагоноремонтнаякомпания"" ОКПО 86491409",КАЗАХСТАН        ,ЖАНА-АУЛ        ,674103.0,РОССИЯ           ,НИКЕЛЬ          ,814301.0,0.0,5553.0,693161.0,ОБОРУДОВАН_НЕСљЕМН,38428679.0,2024-12-17 22:59:00,0
37033200.0,"ОБЩЕСТВО С ОГРАНИЧЕННОЙ ОТВЕТСТВЕННОСТЬТЮ ""КУБАНСКАЯ ПРОДУКТОВАЯ КОМПАНИЯ""","ТОВАРИЩЕСТВО С ОГРАНИЧЕННОЙ ОТВЕТСТВЕННОСТЬЮ ""ВИЛМИР""",РОССИЯ           ,КОРЕНОВСК       ,524902.0,КАЗАХСТАН        ,МАНГИСТАУ       ,663306.0,29186285,66030.0,66030.0,556208.0,МАСЛО_ПОДСОЛНЕЧНОЕ,56325151.0,2024-12-08,13723000,20179157,"ТОО ""ВИЛМИР""",Объединение  «Туркменломайдашарысовда» Центрального аппарата,КАЗАХСТАН        ,МАНГИСТАУ       ,663306.0,ТУРКМЕНИСТАН     ,АШГАБАТ         ,752800.0,66030.0,66030.0,556208.0,МАСЛО_ПОДСОЛНЕЧНОЕ,56325151.0,2024-12-10 23:27:00,55146789
37032683.0,"ОБЩЕСТВО С ОГРАНИЧЕННОЙ ОТВЕТСТВЕННОСТЬТЮ ""КУБАНСКАЯ ПРОДУКТОВАЯ КОМПАНИЯ""","ТОВАРИЩЕСТВО С ОГРАНИЧЕННОЙ ОТВЕТСТВЕННОСТЬЮ ""ВИЛМИР""",РОССИЯ           ,КОРЕНОВСК       ,524902.0,КАЗАХСТАН        ,МАНГИСТАУ       ,663306.0,29166352,66030.0,66030.0,556208.0,МАСЛО_ПОДСОЛНЕЧНОЕ,56325151.0,2024-12-08,13723000,20179189,"ТОО ""ВИЛМИР""",Объединение  «Туркменломайдашарысовда» Центрального аппарата,КАЗАХСТАН        ,МАНГИСТАУ       ,663306.0,ТУРКМЕНИСТАН     ,АШГАБАТ         ,752800.0,66030.0,66030.0,556208.0,МАСЛО_ПОДСОЛНЕЧНОЕ,56325151.0,2024-12-10 23:14:00,55146789
37051516,"ОБЩЕСТВО С ОГРАНИЧЕННОЙ ОТВЕТСТВЕННОСТЬТЮ ""КУБАНСКАЯ ПРОДУКТОВАЯ КОМПАНИЯ""","ТОВАРИЩЕСТВО С ОГРАНИЧЕННОЙ ОТВЕТСТВЕННОСТЬЮ ""ВИЛМИР""",РОССИЯ           ,КОРЕНОВСК       ,524902.0,КАЗАХСТАН        ,МАНГИСТАУ       ,663306.0,29175031,66030.0,66030.0,556208.0,МАСЛО_ПОДСОЛНЕЧНОЕ,56325151.0,2024-12-06,13723000,20179248,"ТОО ""ВИЛМИР""",Объединение  «Туркменломайдашарысовда» Центрального аппарата,КАЗАХСТАН        ,МАНГИСТАУ       ,663306.0,ТУРКМЕНИСТАН     ,АШГАБАТ         ,752800.0,66030.0,66030.0,556208.0,МАСЛО_ПОДСОЛНЕЧНОЕ,56325151.0,2024-12-10 18:14:00,55146789
37063894,"ОБЩЕСТВО С ОГРАНИЧЕННОЙ ОТВЕТСТВЕННОСТЬТЮ ""КУБАНСКАЯ ПРОДУКТОВАЯ КОМПАНИЯ""","ТОВАРИЩЕСТВО С ОГРАНИЧЕННОЙ ОТВЕТСТВЕННОСТЬЮ ""ВИЛМИР""",РОССИЯ           ,КОРЕНОВСК       ,524902.0,КАЗАХСТАН        ,МАНГИСТАУ       ,663306.0,29137700,66030.0,66030.0,556208.0,МАСЛО_ПОДСОЛНЕЧНОЕ,56325151.0,2024-12-06,13723000,20179252,"ТОО ""ВИЛМИР""",Объединение  «Туркменломайдашарысовда» Центрального аппарата,КАЗАХСТАН        ,МАНГИСТАУ       ,663306.0,ТУРКМЕНИСТАН     ,АШГАБАТ         ,752800.0,66030.0,66030.0,556208.0,МАСЛО_ПОДСОЛНЕЧНОЕ,56325151.0,2024-12-10 18:19:00,55146789
37069642,"ОБЩЕСТВО С ОГРАНИЧЕННОЙ ОТВЕТСТВЕННОСТЬТЮ ""КУБАНСКАЯ ПРОДУКТОВАЯ КОМПАНИЯ""","ТОВАРИЩЕСТВО С ОГРАНИЧЕННОЙ ОТВЕТСТВЕННОСТЬЮ ""ВИЛМИР""",РОССИЯ           ,КОРЕНОВСК       ,524902.0,КАЗАХСТАН        ,МАНГИСТАУ       ,663306.0,29177540,66030.0,66030.0,556208.0,МАСЛО_ПОДСОЛНЕЧНОЕ,56325151.0,2024-12-14,13723000,20193395,"ТОО ""ВИЛМИР""",Объединение  «Туркменломайдашарысовда» Центрального аппарата,КАЗАХСТАН        ,МАНГИСТАУ       ,663306.0,ТУРКМЕНИСТАН     ,АШГАБАТ         ,752800.0,66030.0,66030.0,556208.0,МАСЛО_ПОДСОЛНЕЧНОЕ,56325151.0,2024-12-15 22:48:00,56488484
37094779,"ОБЩЕСТВО С ОГРАНИЧЕННОЙ ОТВЕТСТВЕННОСТЬТЮ ""КУБАНСКАЯ ПРОДУКТОВАЯ КОМПАНИЯ""","ТОВАРИЩЕСТВО С ОГРАНИЧЕННОЙ ОТВЕТСТВЕННОСТЬЮ ""ВИЛМИР""",РОССИЯ           ,КОРЕНОВСК       ,524902.0,КАЗАХСТАН        ,МАНГИСТАУ       ,663306.0,29185055,66030.0,66030.0,556208.0,МАСЛО_ПОДСОЛНЕЧНОЕ,56325151.0,2024-12-20,13723000,20217195,"ТОО ""ВИЛМИР""",Объединение  «Туркменломайдашарысовда» Центрального аппарата,КАЗАХСТАН        ,МАНГИСТАУ       ,663306.0,ТУРКМЕНИСТАН     ,АШГАБАТ         ,752800.0,66030.0,66030.0,556208.0,МАСЛО_ПОДСОЛНЕЧНОЕ,56325151.0,2024-12-25 14:06:00,55774931
37095314,"ТОО ""ЛОГОС ГРЕЙН""","ТОО ""Логос Грейн""",РОССИЯ           ,ПЕТРОПАВЛОВС    ,820001.0,КАЗАХСТАН        ,КУРОРТ-БОР.     ,693000.0,95785820,70000.0,70000.0,14003.0,ЯЧМЕНЬ,50546336.0,2024-12-09,3973700,20183629,"ТОО ""ЛОГОС ГРЕЙН""","ТОО ""New Port Services""",КАЗАХСТАН        ,КУРОРТ-БОР.     ,693000.0,ИРАН             ,АКТАУ-ПОРТ П    ,663404.0,70000.0,70000.0,14003.0,ЯЧМЕНЬ,50546336.0,2024-12-14 22:40:00,37779200
37095345,"ТОО ""ЛОГОС ГРЕЙН""","ТОО ""Логос Грейн""",РОССИЯ           ,ПЕТРОПАВЛОВС    ,820001.0,КАЗАХСТАН        ,КУРОРТ-БОР.     ,693000.0,95153714,70000.0,70000.0,14003.0,ЯЧМЕНЬ,50546336.0,2024-12-09,3973700,20183667,"ТОО ""ЛОГОС ГРЕЙН""","ТОО ""New Port Services""",КАЗАХСТАН        ,КУРОРТ-БОР.     ,693000.0,ИРАН             ,АКТАУ-ПОРТ П    ,663404.0,70000.0,70000.0,14003.0,ЯЧМЕНЬ,50546336.0,2024-12-14 22:39:00,37779200
37095332,"ТОО ""ЛОГОС ГРЕЙН""","ТОО ""Логос Грейн""",РОССИЯ           ,ПЕТРОПАВЛОВС    ,820001.0,КАЗАХСТАН        ,КУРОРТ-БОР.     ,693000.0,91120758,70000.0,70000.0,14003.0,ЯЧМЕНЬ,50546336.0,2024-12-09,3973700,20183658,"ТОО ""ЛОГОС ГРЕЙН""","ТОО ""New Port Services""",КАЗАХСТАН        ,КУРОРТ-БОР.     ,693000.0,ИРАН             ,АКТАУ-ПОРТ П    ,663404.0,70000.0,70000.0,14003.0,ЯЧМЕНЬ,50546336.0,2024-12-14 22:39:00,37779200
37095367,"ТОО ""ЛОГОС ГРЕЙН""","ТОО ""Логос Грейн""",РОССИЯ           ,ПЕТРОПАВЛОВС    ,820001.0,КАЗАХСТАН        ,КУРОРТ-БОР.     ,693000.0,95785713,70000.0,70000.0,14003.0,ЯЧМЕНЬ,50546336.0,2024-12-09,3973700,20183676,"ТОО ""ЛОГОС ГРЕЙН""","ТОО ""New Port Services""",КАЗАХСТАН        ,КУРОРТ-БОР.     ,693000.0,ИРАН             ,АКТАУ-ПОРТ П    ,663404.0,70000.0,70000.0,14003.0,ЯЧМЕНЬ,50546336.0,2024-12-14 22:39:00,37779200
37111323,"ОБЩЕСТВО С ОГРАНИЧЕННОЙ ОТВЕТСТВЕННОСТЬТЮ ""КУБАНСКАЯ ПРОДУКТОВАЯ КОМПАНИЯ""","ТОВАРИЩЕСТВО С ОГРАНИЧЕННОЙ ОТВЕТСТВЕННОСТЬЮ ""ВИЛМИР""",РОССИЯ           ,КОРЕНОВСК       ,524902.0,КАЗАХСТАН        ,МАНГИСТАУ       ,663306.0,29164449,66030.0,66030.0,556208.0,МАСЛО_ПОДСОЛНЕЧНОЕ,56325151.0,2024-12-20,13723000,20217186,"ТОО ""ВИЛМИР""",Объединение  «Туркменломайдашарысовда» Центрального аппарата,КАЗАХСТАН        ,МАНГИСТАУ       ,663306.0,ТУРКМЕНИСТАН     ,АШГАБАТ         ,752800.0,66030.0,66030.0,556208.0,МАСЛО_ПОДСОЛНЕЧНОЕ,56325151.0,2024-12-25 14:06:00,55774931
37118799,"ТОО ""СЕВЕСИЛЬЗЕРНО""","ТОО ""СевЕсильЗерно""",РОССИЯ           ,ПЕТРОПАВЛОВС    ,820001.0,КАЗАХСТАН        ,СМИРНОВО        ,687902.0,98250665,67000.0,67000.0,14003.0,ЯЧМЕНЬ,50762790.0,2024-12-14,749700,20209425,"ТОО ""СЕВЕСИЛЬЗЕРНО""","ООО Zarat Import Export, Азербайджан, г*Баку, Сураханский район, пгт Говсаны 28*",КАЗАХСТАН        ,СМИРНОВО        ,687902.0,АЗЕРБАЙДЖАН      ,СИТАЛ-ЧАЙ       ,546102.0,67000.0,67000.0,14003.0,ЯЧМЕНЬ,50762790.0,2024-12-21 19:15:00,34830100
37118825,"ТОО ""СЕВЕСИЛЬЗЕРНО""","ТОО ""СевЕсильЗерно""",РОССИЯ           ,ПЕТРОПАВЛОВС    ,820001.0,КАЗАХСТАН        ,СМИРНОВО        ,687902.0,98250715,67000.0,67000.0,14003.0,ЯЧМЕНЬ,50762790.0,2024-12-14,749700,20209446,"ТОО ""СЕВЕСИЛЬЗЕРНО""","ООО Zarat Import Export, Азербайджан, г*Баку, Сураханский район, пгт Говсаны 28*",КАЗАХСТАН        ,СМИРНОВО        ,687902.0,АЗЕРБАЙДЖАН      ,СИТАЛ-ЧАЙ       ,546102.0,67000.0,67000.0,14003.0,ЯЧМЕНЬ,50762790.0,2024-12-21 19:14:00,34830100
37118691,"ТОО ""СЕВЕСИЛЬЗЕРНО""","ТОО ""СевЕсильЗерно""",РОССИЯ           ,ПЕТРОПАВЛОВС    ,820001.0,КАЗАХСТАН        ,СМИРНОВО        ,687902.0,98250673,67000.0,67000.0,14003.0,ЯЧМЕНЬ,50762790.0,2024-12-14,749700,20209437,"ТОО ""СЕВЕСИЛЬЗЕРНО""","ООО Zarat Import Export, Азербайджан, г*Баку, Сураханский район, пгт Говсаны 28*",КАЗАХСТАН        ,СМИРНОВО        ,687902.0,АЗЕРБАЙДЖАН      ,СИТАЛ-ЧАЙ       ,546102.0,67000.0,67000.0,14003.0,ЯЧМЕНЬ,50762790.0,2024-12-21 19:16:00,34830100
37118711,"ТОО ""СЕВЕСИЛЬЗЕРНО""","ТОО ""СевЕсильЗерно""",РОССИЯ           ,ПЕТРОПАВЛОВС    ,820001.0,КАЗАХСТАН        ,СМИРНОВО        ,687902.0,98929136,67000.0,67000.0,14003.0,ЯЧМЕНЬ,50762790.0,2024-12-14,749700,20209478,"ТОО ""СЕВЕСИЛЬЗЕРНО""","ООО Zarat Import Export, Азербайджан, г*Баку, Сураханский район, пгт Говсаны 28*",КАЗАХСТАН        ,СМИРНОВО        ,687902.0,АЗЕРБАЙДЖАН      ,СИТАЛ-ЧАЙ       ,546102.0,67000.0,67000.0,14003.0,ЯЧМЕНЬ,50762790.0,2024-12-21 19:14:00,34830100
37118734,"ТОО ""СЕВЕСИЛЬЗЕРНО""","ТОО ""СевЕсильЗерно""",РОССИЯ           ,ПЕТРОПАВЛОВС    ,820001.0,КАЗАХСТАН        ,СМИРНОВО        ,687902.0,98929094,67000.0,67000.0,14003.0,ЯЧМЕНЬ,50762790.0,2024-12-14,749700,20209462,"ТОО ""СЕВЕСИЛЬЗЕРНО""","ООО Zarat Import Export, Азербайджан, г*Баку, Сураханский район, пгт Говсаны 28*",КАЗАХСТАН        ,СМИРНОВО        ,687902.0,АЗЕРБАЙДЖАН      ,СИТАЛ-ЧАЙ       ,546102.0,67000.0,67000.0,14003.0,ЯЧМЕНЬ,50762790.0,2024-12-21 19:13:00,34830100
37118835,"ТОО ""СЕВЕСИЛЬЗЕРНО""","ТОО ""СевЕсильЗерно""",РОССИЯ           ,ПЕТРОПАВЛОВС    ,820001.0,КАЗАХСТАН        ,СМИРНОВО        ,687902.0,98929102,67000.0,67000.0,14003.0,ЯЧМЕНЬ,50762790.0,2024-12-14,749700,20209471,"ТОО ""СЕВЕСИЛЬЗЕРНО""","ООО Zarat Import Export, Азербайджан, г*Баку, Сураханский район, пгт Говсаны 28*",КАЗАХСТАН        ,СМИРНОВО        ,687902.0,АЗЕРБАЙДЖАН      ,СИТАЛ-ЧАЙ       ,546102.0,67000.0,67000.0,14003.0,ЯЧМЕНЬ,50762790.0,2024-12-21 19:13:00,34830100
37118758,"ТОО ""СЕВЕСИЛЬЗЕРНО""","ТОО ""СевЕсильЗерно""",РОССИЯ           ,ПЕТРОПАВЛОВС    ,820001.0,КАЗАХСТАН        ,СМИРНОВО        ,687902.0,98250723,67000.0,67000.0,14003.0,ЯЧМЕНЬ,50762790.0,2024-12-14,749700,20209450,"ТОО ""СЕВЕСИЛЬЗЕРНО""","ООО Zarat Import Export, Азербайджан, г*Баку, Сураханский район, пгт Говсаны 28*",КАЗАХСТАН        ,СМИРНОВО        ,687902.0,АЗЕРБАЙДЖАН      ,СИТАЛ-ЧАЙ       ,546102.0,67000.0,67000.0,14003.0,ЯЧМЕНЬ,50762790.0,2024-12-21 19:15:00,34830100
37118124,"ТОО ""ЛОГОС ГРЕЙН""","ТОО ""Логос Грейн""",РОССИЯ           ,ПЕТРОПАВЛОВС    ,820001.0,КАЗАХСТАН        ,КУРОРТ-БОР.     ,693000.0,91103739,70000.0,70000.0,14003.0,ЯЧМЕНЬ,50546336.0,2024-12-15,3973700,20195621,"ТОО ""ЛОГОС ГРЕЙН""","ТОО ""New Port Services""",КАЗАХСТАН        ,КУРОРТ-БОР.     ,693000.0,ИРАН             ,АКТАУ-ПОРТ П    ,663404.0,70000.0,70000.0,14003.0,ЯЧМЕНЬ,50546336.0,2024-12-16 20:36:00,37779200
37118157,"ТОО ""ЛОГОС ГРЕЙН""","ТОО ""Логос Грейн""",РОССИЯ           ,ПЕТРОПАВЛОВС    ,820001.0,КАЗАХСТАН        ,КУРОРТ-БОР.     ,693000.0,91120519,70000.0,70000.0,14003.0,ЯЧМЕНЬ,50546336.0,2024-12-15,3973700,20195622,"ТОО ""ЛОГОС ГРЕЙН""","ТОО ""New Port Services""",КАЗАХСТАН        ,КУРОРТ-БОР.     ,693000.0,ИРАН             ,АКТАУ-ПОРТ П    ,663404.0,70000.0,70000.0,14003.0,ЯЧМЕНЬ,50546336.0,2024-12-16 20:35:00,37779200
37118278,"ТОО ""ЛОГОС ГРЕЙН""","ТОО ""Логос Грейн""",РОССИЯ           ,ПЕТРОПАВЛОВС    ,820001.0,КАЗАХСТАН        ,КУРОРТ-БОР.     ,693000.0,91118752,70000.0,70000.0,14003.0,ЯЧМЕНЬ,50546336.0,2024-12-15,3973700,20195624,"ТОО ""ЛОГОС ГРЕЙН""","ТОО ""New Port Services""",КАЗАХСТАН        ,КУРОРТ-БОР.     ,693000.0,ИРАН             ,АКТАУ-ПОРТ П    ,663404.0,70000.0,70000.0,14003.0,ЯЧМЕНЬ,50546336.0,2024-12-16 20:35:00,37779200
37118324,"ТОО ""ЛОГОС ГРЕЙН""","ТОО ""Логос Грейн""",РОССИЯ           ,ПЕТРОПАВЛОВС    ,820001.0,КАЗАХСТАН        ,КУРОРТ-БОР.     ,693000.0,95772646,70000.0,70000.0,14003.0,ЯЧМЕНЬ,50546336.0,2024-12-15,3973700,20195628,"ТОО ""ЛОГОС ГРЕЙН""","ТОО ""New Port Services""",КАЗАХСТАН        ,КУРОРТ-БОР.     ,693000.0,ИРАН             ,АКТАУ-ПОРТ П    ,663404.0,70000.0,70000.0,14003.0,ЯЧМЕНЬ,50546336.0,2024-12-16 20:34:00,37779200
37118306,"ТОО ""ЛОГОС ГРЕЙН""","ТОО ""Логос Грейн""",РОССИЯ           ,ПЕТРОПАВЛОВС    ,820001.0,КАЗАХСТАН        ,КУРОРТ-БОР.     ,693000.0,91120774,70000.0,70000.0,14003.0,ЯЧМЕНЬ,50546336.0,2024-12-15,3973700,20195618,"ТОО ""ЛОГОС ГРЕЙН""","ТОО ""New Port Services""",КАЗАХСТАН        ,КУРОРТ-БОР.     ,693000.0,ИРАН             ,АКТАУ-ПОРТ П    ,663404.0,70000.0,70000.0,14003.0,ЯЧМЕНЬ,50546336.0,2024-12-16 20:36:00,37779200
37118339,"ТОО ""ЛОГОС ГРЕЙН""","ТОО ""Логос Грейн""",РОССИЯ           ,ПЕТРОПАВЛОВС    ,820001.0,КАЗАХСТАН        ,КУРОРТ-БОР.     ,693000.0,95785671,70000.0,70000.0,14003.0,ЯЧМЕНЬ,50546336.0,2024-12-15,3973700,20195619,"ТОО ""ЛОГОС ГРЕЙН""","ТОО ""New Port Services""",КАЗАХСТАН        ,КУРОРТ-БОР.     ,693000.0,ИРАН             ,АКТАУ-ПОРТ П    ,663404.0,70000.0,70000.0,14003.0,ЯЧМЕНЬ,50546336.0,2024-12-16 20:37:00,37779200
37127952,"ОБЩЕСТВО С ОГРАНИЧЕННОЙ ОТВЕТСТВЕННОСТЬТЮ ""КУБАНСКАЯ ПРОДУКТОВАЯ КОМПАНИЯ""","ТОВАРИЩЕСТВО С ОГРАНИЧЕННОЙ ОТВЕТСТВЕННОСТЬЮ ""ВИЛМИР""",РОССИЯ           ,КОРЕНОВСК       ,524902.0,КАЗАХСТАН        ,МАНГИСТАУ       ,663306.0,29182623,66030.0,66030.0,556208.0,МАСЛО_ПОДСОЛНЕЧНОЕ,56325151.0,2024-12-20,15438900,20217220,"ТОО ""ВИЛМИР""",Объединение  «Туркменломайдашарысовда» Центрального аппарата,КАЗАХСТАН        ,МАНГИСТАУ       ,663306.0,ТУРКМЕНИСТАН     ,АШГАБАТ         ,752800.0,66030.0,66030.0,556208.0,МАСЛО_ПОДСОЛНЕЧНОЕ,56325151.0,2024-12-25 14:01:00,55774931
37124109,"ТОО ""СЕВЕСИЛЬЗЕРНО""","ТОО ""СевЕсильЗерно""",РОССИЯ           ,ПЕТРОПАВЛОВС    ,820001.0,КАЗАХСТАН        ,СМИРНОВО        ,687902.0,98250632,67000.0,67000.0,14003.0,ЯЧМЕНЬ,50762790.0,2024-12-16,749700,20209410,"ТОО ""СЕВЕСИЛЬЗЕРНО""","ООО Zarat Import Export, Азербайджан, г*Баку, Сураханский район, пгт Говсаны 28*",КАЗАХСТАН        ,СМИРНОВО        ,687902.0,АЗЕРБАЙДЖАН      ,СИТАЛ-ЧАЙ       ,546102.0,67000.0,67000.0,14003.0,ЯЧМЕНЬ,50762790.0,2024-12-21 19:16:00,34830100
37124097,"ТОО ""СЕВЕСИЛЬЗЕРНО""","ТОО ""СевЕсильЗерно""",РОССИЯ           ,ПЕТРОПАВЛОВС    ,820001.0,КАЗАХСТАН        ,СМИРНОВО        ,687902.0,98250681,67000.0,67000.0,14003.0,ЯЧМЕНЬ,50762790.0,2024-12-16,749700,20209418,"ТОО ""СЕВЕСИЛЬЗЕРНО""","ООО Zarat Import Export, Азербайджан, г*Баку, Сураханский район, пгт Говсаны 28*",КАЗАХСТАН        ,СМИРНОВО        ,687902.0,АЗЕРБАЙДЖАН      ,СИТАЛ-ЧАЙ       ,546102.0,67000.0,67000.0,14003.0,ЯЧМЕНЬ,50762790.0,2024-12-21 19:15:00,34830100
